{
  "ui.button_click": {
    "replace": true,
    "sounds": [{ "name": "ui/button_click" }]
  },
  "block.bell.use": {
    "replace": true,
    "sounds": [{ "name": "block/bell/use" }]
  },
  "block.bell.resonate": {
    "replace": true,
    "sounds": [{ "name": "block/bell/resonate" }]
  },
  "ui.toast.challenge_complete": {
    "replace": true,
    "sounds": [{ "name": "ui/toast/challenge_complete" }]
  },
  "entity.player.attack.crit": {
    "replace": true,
    "sounds": [{ "name": "entity/player/attack/crit" }]
  },

  "item.goat_horn.sound.0": {
    "replace": true,
    "sounds": []
  }
}
