{
	"credit": "Made with Blockbench",
	"texture_size": [32, 32],
	"textures": {
		"0": "item/goat_horn",
		"particle": "item/goat_horn"
	},
	"elements": [
		{
			"from": [7, 0, 7],
			"to": [9, 4, 9],
			"rotation": {"angle": 0, "axis": "y", "origin": [8, 0, 8]},
			"faces": {
				"north": {"uv": [8, 2, 9, 4], "texture": "#0"},
				"east": {"uv": [3.5, 8, 4.5, 10], "texture": "#0"},
				"south": {"uv": [4.5, 8, 5.5, 10], "texture": "#0"},
				"west": {"uv": [0, 8.5, 1, 10.5], "texture": "#0"},
				"up": {"uv": [3, 10, 2, 9], "texture": "#0"},
				"down": {"uv": [10, 2.5, 9, 3.5], "texture": "#0"}
			}
		},
		{
			"from": [6, 4, 6],
			"to": [10, 8, 11],
			"rotation": {"angle": 0, "axis": "y", "origin": [8, 4, 8]},
			"faces": {
				"north": {"uv": [0, 5, 2, 7], "texture": "#0"},
				"east": {"uv": [2.5, 0, 5, 2], "texture": "#0"},
				"south": {"uv": [5, 0, 7, 2], "texture": "#0"},
				"west": {"uv": [2.5, 2, 5, 4], "texture": "#0"},
				"up": {"uv": [4.5, 6.5, 2.5, 4], "texture": "#0"},
				"down": {"uv": [6.5, 4, 4.5, 6.5], "texture": "#0"}
			}
		},
		{
			"from": [5, 8, 1],
			"to": [11, 9, 3],
			"rotation": {"angle": 0, "axis": "y", "origin": [8, 4, 1]},
			"faces": {
				"north": {"uv": [6.5, 6, 9.5, 6.5], "texture": "#0"},
				"east": {"uv": [9.5, 6.5, 10.5, 7], "texture": "#0"},
				"south": {"uv": [8, 4, 11, 4.5], "texture": "#0"},
				"west": {"uv": [9.5, 7, 10.5, 7.5], "texture": "#0"},
				"up": {"uv": [9, 7.5, 6, 6.5], "texture": "#0"},
				"down": {"uv": [10, 0, 7, 1], "texture": "#0"}
			}
		},
		{
			"from": [7, 5, 2],
			"to": [9, 7, 3],
			"rotation": {"angle": 0, "axis": "y", "origin": [8, 2, 1]},
			"faces": {
				"north": {"uv": [9, 4.5, 10, 5.5], "texture": "#0"},
				"east": {"uv": [2.5, 10, 3, 11], "texture": "#0"},
				"south": {"uv": [9.5, 5.5, 10.5, 6.5], "texture": "#0"},
				"west": {"uv": [10, 2.5, 10.5, 3.5], "texture": "#0"},
				"up": {"uv": [4.5, 10.5, 3.5, 10], "texture": "#0"},
				"down": {"uv": [5.5, 10, 4.5, 10.5], "texture": "#0"}
			}
		},
		{
			"from": [5, 3, 1],
			"to": [11, 4, 3],
			"rotation": {"angle": 0, "axis": "y", "origin": [8, -1, 1]},
			"faces": {
				"north": {"uv": [8.5, 8.5, 11.5, 9], "texture": "#0"},
				"east": {"uv": [9.5, 7.5, 10.5, 8], "texture": "#0"},
				"south": {"uv": [9, 2, 12, 2.5], "texture": "#0"},
				"west": {"uv": [9.5, 8, 10.5, 8.5], "texture": "#0"},
				"up": {"uv": [10, 2, 7, 1], "texture": "#0"},
				"down": {"uv": [9, 7.5, 6, 8.5], "texture": "#0"}
			}
		},
		{
			"from": [10, 4, 1],
			"to": [11, 8, 3],
			"rotation": {"angle": 0, "axis": "y", "origin": [8, -1, 1]},
			"faces": {
				"north": {"uv": [3, 9, 3.5, 11], "texture": "#0"},
				"east": {"uv": [1, 8.5, 2, 10.5], "texture": "#0"},
				"south": {"uv": [9, 6.5, 9.5, 8.5], "texture": "#0"},
				"west": {"uv": [5.5, 8.5, 6.5, 10.5], "texture": "#0"},
				"up": {"uv": [10, 10, 9.5, 9], "texture": "#0"},
				"down": {"uv": [10.5, 0, 10, 1], "texture": "#0"}
			}
		},
		{
			"from": [5, 4, 1],
			"to": [6, 8, 3],
			"rotation": {"angle": 0, "axis": "y", "origin": [3, -1, 1]},
			"faces": {
				"north": {"uv": [8.5, 9, 9, 11], "texture": "#0"},
				"east": {"uv": [6.5, 8.5, 7.5, 10.5], "texture": "#0"},
				"south": {"uv": [9, 9, 9.5, 11], "texture": "#0"},
				"west": {"uv": [7.5, 8.5, 8.5, 10.5], "texture": "#0"},
				"up": {"uv": [10.5, 2, 10, 1], "texture": "#0"},
				"down": {"uv": [2.5, 10, 2, 11], "texture": "#0"}
			}
		},
		{
			"from": [5.5, 3.5, 3],
			"to": [10.5, 8.5, 6],
			"rotation": {"angle": 0, "axis": "y", "origin": [8, 3, 3]},
			"faces": {
				"north": {"uv": [0, 0, 2.5, 2.5], "texture": "#0"},
				"east": {"uv": [2, 6.5, 3.5, 9], "texture": "#0"},
				"south": {"uv": [0, 2.5, 2.5, 5], "texture": "#0"},
				"west": {"uv": [6.5, 2, 8, 4.5], "texture": "#0"},
				"up": {"uv": [6, 8, 3.5, 6.5], "texture": "#0"},
				"down": {"uv": [9, 4.5, 6.5, 6], "texture": "#0"}
			}
		},
		{
			"from": [6.5, 4.5, 11],
			"to": [9.5, 7.5, 12],
			"rotation": {"angle": 0, "axis": "y", "origin": [8, 3, 13]},
			"faces": {
				"north": {"uv": [5, 2, 6.5, 3.5], "texture": "#0"},
				"east": {"uv": [2, 5, 2.5, 6.5], "texture": "#0"},
				"south": {"uv": [0, 7, 1.5, 8.5], "texture": "#0"},
				"west": {"uv": [1.5, 7, 2, 8.5], "texture": "#0"},
				"up": {"uv": [6.5, 4, 5, 3.5], "texture": "#0"},
				"down": {"uv": [10.5, 3.5, 9, 4], "texture": "#0"}
			}
		}
	],
	"display": {
		"thirdperson_righthand": {
			"translation": [0, 4.5, 0]
		},
		"thirdperson_lefthand": {
			"translation": [0, 4.5, 0]
		},
		"firstperson_righthand": {
			"rotation": [4.94, -22.71, 15.04],
			"translation": [-9, 4.25, 1.25]
		},
		"firstperson_lefthand": {
			"rotation": [4.94, -22.71, 15.04],
			"translation": [1, 4, 1.25]
		},
		"ground": {
			"rotation": [8.97, -39.8, 101.47],
			"translation": [-0.75, -0.75, 0]
		},
		"gui": {
			"rotation": [150.17, 30.8, -156.26],
			"translation": [2.75, 2.25, 0],
			"scale": [1.37695, 1.26367, 1.27734]
		}
	}
}